"","Z_score","log_fc","conv","d","p_val"
"S100a4",4.52237688462169,-1.00334108234535,TRUE,3.29132557319589e-09,6.1149054670917e-06
